"AD","ED","County","EDAD Status","Event","Party/Independent Body","Office/Position Title","District Key","VoteFor","Unit Name","Tally"
"77","012","Bronx","IN-PLAY","Primary Election - 09/12/2017","Democratic","Member of the City Council","14",1,"Public Counter",67
"77","012","Bronx","IN-PLAY","Primary Election - 09/12/2017","Democratic","Member of the City Council","14",1,"Manually Counted Emergency",0
"77","012","Bronx","IN-PLAY","Primary Election - 09/12/2017","Democratic","Member of the City Council","14",1,"Absentee / Military",4
"77","012","Bronx","IN-PLAY","Primary Election - 09/12/2017","Democratic","Member of the City Council","14",1,"Affidavit",1
"77","012","Bronx","IN-PLAY","Primary Election - 09/12/2017","Democratic","Member of the City Council","14",1,"Randy  D. Abreu",18
"77","012","Bronx","IN-PLAY","Primary Election - 09/12/2017","Democratic","Member of the City Council","14",1,"Felix A. Perdomo",15
"77","012","Bronx","IN-PLAY","Primary Election - 09/12/2017","Democratic","Member of the City Council","14",1,"Fernando Cabrera",36
"77","013","Bronx","IN-PLAY","Primary Election - 09/12/2017","Democratic","Member of the City Council","14",1,"Public Counter",100
"77","013","Bronx","IN-PLAY","Primary Election - 09/12/2017","Democratic","Member of the City Council","14",1,"Manually Counted Emergency",0
"77","013","Bronx","IN-PLAY","Primary Election - 09/12/2017","Democratic","Member of the City Council","14",1,"Absentee / Military",1
"77","013","Bronx","IN-PLAY","Primary Election - 09/12/2017","Democratic","Member of the City Council","14",1,"Affidavit",1
"77","013","Bronx","IN-PLAY","Primary Election - 09/12/2017","Democratic","Member of the City Council","14",1,"Randy  D. Abreu",34
"77","013","Bronx","IN-PLAY","Primary Election - 09/12/2017","Democratic","Member of the City Council","14",1,"Felix A. Perdomo",18
"77","013","Bronx","IN-PLAY","Primary Election - 09/12/2017","Democratic","Member of the City Council","14",1,"Fernando Cabrera",39
"77","014","Bronx","IN-PLAY","Primary Election - 09/12/2017","Democratic","Member of the City Council","14",1,"Public Counter",111
"77","014","Bronx","IN-PLAY","Primary Election - 09/12/2017","Democratic","Member of the City Council","14",1,"Manually Counted Emergency",0
"77","014","Bronx","IN-PLAY","Primary Election - 09/12/2017","Democratic","Member of the City Council","14",1,"Absentee / Military",2
"77","014","Bronx","IN-PLAY","Primary Election - 09/12/2017","Democratic","Member of the City Council","14",1,"Affidavit",1
"77","014","Bronx","IN-PLAY","Primary Election - 09/12/2017","Democratic","Member of the City Council","14",1,"Randy  D. Abreu",31
"77","014","Bronx","IN-PLAY","Primary Election - 09/12/2017","Democratic","Member of the City Council","14",1,"Felix A. Perdomo",22
"77","014","Bronx","IN-PLAY","Primary Election - 09/12/2017","Democratic","Member of the City Council","14",1,"Fernando Cabrera",55
"77","016","Bronx","IN-PLAY","Primary Election - 09/12/2017","Democratic","Member of the City Council","14",1,"Public Counter",90
"77","016","Bronx","IN-PLAY","Primary Election - 09/12/2017","Democratic","Member of the City Council","14",1,"Manually Counted Emergency",0
"77","016","Bronx","IN-PLAY","Primary Election - 09/12/2017","Democratic","Member of the City Council","14",1,"Absentee / Military",0
"77","016","Bronx","IN-PLAY","Primary Election - 09/12/2017","Democratic","Member of the City Council","14",1,"Affidavit",1
"77","016","Bronx","IN-PLAY","Primary Election - 09/12/2017","Democratic","Member of the City Council","14",1,"Randy  D. Abreu",33
"77","016","Bronx","IN-PLAY","Primary Election - 09/12/2017","Democratic","Member of the City Council","14",1,"Felix A. Perdomo",9
"77","016","Bronx","IN-PLAY","Primary Election - 09/12/2017","Democratic","Member of the City Council","14",1,"Fernando Cabrera",43
"77","016","Bronx","IN-PLAY","Primary Election - 09/12/2017","Democratic","Member of the City Council","14",1,"Scattered",1
"77","018","Bronx","IN-PLAY","Primary Election - 09/12/2017","Democratic","Member of the City Council","14",1,"Public Counter",63
"77","018","Bronx","IN-PLAY","Primary Election - 09/12/2017","Democratic","Member of the City Council","14",1,"Manually Counted Emergency",0
"77","018","Bronx","IN-PLAY","Primary Election - 09/12/2017","Democratic","Member of the City Council","14",1,"Absentee / Military",3
"77","018","Bronx","IN-PLAY","Primary Election - 09/12/2017","Democratic","Member of the City Council","14",1,"Affidavit",1
"77","018","Bronx","IN-PLAY","Primary Election - 09/12/2017","Democratic","Member of the City Council","14",1,"Randy  D. Abreu",25
"77","018","Bronx","IN-PLAY","Primary Election - 09/12/2017","Democratic","Member of the City Council","14",1,"Felix A. Perdomo",7
"77","018","Bronx","IN-PLAY","Primary Election - 09/12/2017","Democratic","Member of the City Council","14",1,"Fernando Cabrera",30
"77","019","Bronx","IN-PLAY","Primary Election - 09/12/2017","Democratic","Member of the City Council","14",1,"Public Counter",76
"77","019","Bronx","IN-PLAY","Primary Election - 09/12/2017","Democratic","Member of the City Council","14",1,"Manually Counted Emergency",0
"77","019","Bronx","IN-PLAY","Primary Election - 09/12/2017","Democratic","Member of the City Council","14",1,"Absentee / Military",0
"77","019","Bronx","IN-PLAY","Primary Election - 09/12/2017","Democratic","Member of the City Council","14",1,"Affidavit",0
"77","019","Bronx","IN-PLAY","Primary Election - 09/12/2017","Democratic","Member of the City Council","14",1,"Randy  D. Abreu",28
"77","019","Bronx","IN-PLAY","Primary Election - 09/12/2017","Democratic","Member of the City Council","14",1,"Felix A. Perdomo",9
"77","019","Bronx","IN-PLAY","Primary Election - 09/12/2017","Democratic","Member of the City Council","14",1,"Fernando Cabrera",33
"77","020","Bronx","IN-PLAY","Primary Election - 09/12/2017","Democratic","Member of the City Council","14",1,"Public Counter",51
"77","020","Bronx","IN-PLAY","Primary Election - 09/12/2017","Democratic","Member of the City Council","14",1,"Manually Counted Emergency",0
"77","020","Bronx","IN-PLAY","Primary Election - 09/12/2017","Democratic","Member of the City Council","14",1,"Absentee / Military",1
"77","020","Bronx","IN-PLAY","Primary Election - 09/12/2017","Democratic","Member of the City Council","14",1,"Affidavit",5
"77","020","Bronx","IN-PLAY","Primary Election - 09/12/2017","Democratic","Member of the City Council","14",1,"Randy  D. Abreu",16
"77","020","Bronx","IN-PLAY","Primary Election - 09/12/2017","Democratic","Member of the City Council","14",1,"Felix A. Perdomo",5
"77","020","Bronx","IN-PLAY","Primary Election - 09/12/2017","Democratic","Member of the City Council","14",1,"Fernando Cabrera",27
"77","021","Bronx","IN-PLAY","Primary Election - 09/12/2017","Democratic","Member of the City Council","14",1,"Public Counter",77
"77","021","Bronx","IN-PLAY","Primary Election - 09/12/2017","Democratic","Member of the City Council","14",1,"Manually Counted Emergency",0
"77","021","Bronx","IN-PLAY","Primary Election - 09/12/2017","Democratic","Member of the City Council","14",1,"Absentee / Military",3
"77","021","Bronx","IN-PLAY","Primary Election - 09/12/2017","Democratic","Member of the City Council","14",1,"Affidavit",2
"77","021","Bronx","IN-PLAY","Primary Election - 09/12/2017","Democratic","Member of the City Council","14",1,"Randy  D. Abreu",27
"77","021","Bronx","IN-PLAY","Primary Election - 09/12/2017","Democratic","Member of the City Council","14",1,"Felix A. Perdomo",5
"77","021","Bronx","IN-PLAY","Primary Election - 09/12/2017","Democratic","Member of the City Council","14",1,"Fernando Cabrera",46
"77","022","Bronx","IN-PLAY","Primary Election - 09/12/2017","Democratic","Member of the City Council","14",1,"Public Counter",105
"77","022","Bronx","IN-PLAY","Primary Election - 09/12/2017","Democratic","Member of the City Council","14",1,"Manually Counted Emergency",0
"77","022","Bronx","IN-PLAY","Primary Election - 09/12/2017","Democratic","Member of the City Council","14",1,"Absentee / Military",4
"77","022","Bronx","IN-PLAY","Primary Election - 09/12/2017","Democratic","Member of the City Council","14",1,"Affidavit",2
"77","022","Bronx","IN-PLAY","Primary Election - 09/12/2017","Democratic","Member of the City Council","14",1,"Randy  D. Abreu",33
"77","022","Bronx","IN-PLAY","Primary Election - 09/12/2017","Democratic","Member of the City Council","14",1,"Felix A. Perdomo",11
"77","022","Bronx","IN-PLAY","Primary Election - 09/12/2017","Democratic","Member of the City Council","14",1,"Fernando Cabrera",56
"77","029","Bronx","IN-PLAY","Primary Election - 09/12/2017","Democratic","Member of the City Council","14",1,"Public Counter",20
"77","029","Bronx","IN-PLAY","Primary Election - 09/12/2017","Democratic","Member of the City Council","14",1,"Manually Counted Emergency",0
"77","029","Bronx","IN-PLAY","Primary Election - 09/12/2017","Democratic","Member of the City Council","14",1,"Absentee / Military",0
"77","029","Bronx","IN-PLAY","Primary Election - 09/12/2017","Democratic","Member of the City Council","14",1,"Affidavit",0
"77","029","Bronx","IN-PLAY","Primary Election - 09/12/2017","Democratic","Member of the City Council","14",1,"Randy  D. Abreu",5
"77","029","Bronx","IN-PLAY","Primary Election - 09/12/2017","Democratic","Member of the City Council","14",1,"Felix A. Perdomo",2
"77","029","Bronx","IN-PLAY","Primary Election - 09/12/2017","Democratic","Member of the City Council","14",1,"Fernando Cabrera",11
"77","031","Bronx","IN-PLAY","Primary Election - 09/12/2017","Democratic","Member of the City Council","14",1,"Public Counter",14
"77","031","Bronx","IN-PLAY","Primary Election - 09/12/2017","Democratic","Member of the City Council","14",1,"Manually Counted Emergency",0
"77","031","Bronx","IN-PLAY","Primary Election - 09/12/2017","Democratic","Member of the City Council","14",1,"Absentee / Military",0
"77","031","Bronx","IN-PLAY","Primary Election - 09/12/2017","Democratic","Member of the City Council","14",1,"Affidavit",0
"77","031","Bronx","IN-PLAY","Primary Election - 09/12/2017","Democratic","Member of the City Council","14",1,"Randy  D. Abreu",6
"77","031","Bronx","IN-PLAY","Primary Election - 09/12/2017","Democratic","Member of the City Council","14",1,"Felix A. Perdomo",0
"77","031","Bronx","IN-PLAY","Primary Election - 09/12/2017","Democratic","Member of the City Council","14",1,"Fernando Cabrera",8
"77","032","Bronx","IN-PLAY","Primary Election - 09/12/2017","Democratic","Member of the City Council","14",1,"Public Counter",78
"77","032","Bronx","IN-PLAY","Primary Election - 09/12/2017","Democratic","Member of the City Council","14",1,"Manually Counted Emergency",0
"77","032","Bronx","IN-PLAY","Primary Election - 09/12/2017","Democratic","Member of the City Council","14",1,"Absentee / Military",2
"77","032","Bronx","IN-PLAY","Primary Election - 09/12/2017","Democratic","Member of the City Council","14",1,"Affidavit",0
"77","032","Bronx","IN-PLAY","Primary Election - 09/12/2017","Democratic","Member of the City Council","14",1,"Randy  D. Abreu",25
"77","032","Bronx","IN-PLAY","Primary Election - 09/12/2017","Democratic","Member of the City Council","14",1,"Felix A. Perdomo",11
"77","032","Bronx","IN-PLAY","Primary Election - 09/12/2017","Democratic","Member of the City Council","14",1,"Fernando Cabrera",36
"77","033","Bronx","IN-PLAY","Primary Election - 09/12/2017","Democratic","Member of the City Council","14",1,"Public Counter",47
"77","033","Bronx","IN-PLAY","Primary Election - 09/12/2017","Democratic","Member of the City Council","14",1,"Manually Counted Emergency",0
"77","033","Bronx","IN-PLAY","Primary Election - 09/12/2017","Democratic","Member of the City Council","14",1,"Absentee / Military",1
"77","033","Bronx","IN-PLAY","Primary Election - 09/12/2017","Democratic","Member of the City Council","14",1,"Affidavit",1
"77","033","Bronx","IN-PLAY","Primary Election - 09/12/2017","Democratic","Member of the City Council","14",1,"Randy  D. Abreu",15
"77","033","Bronx","IN-PLAY","Primary Election - 09/12/2017","Democratic","Member of the City Council","14",1,"Felix A. Perdomo",7
"77","033","Bronx","IN-PLAY","Primary Election - 09/12/2017","Democratic","Member of the City Council","14",1,"Fernando Cabrera",27
"77","034","Bronx","IN-PLAY","Primary Election - 09/12/2017","Democratic","Member of the City Council","14",1,"Public Counter",87
"77","034","Bronx","IN-PLAY","Primary Election - 09/12/2017","Democratic","Member of the City Council","14",1,"Manually Counted Emergency",0
"77","034","Bronx","IN-PLAY","Primary Election - 09/12/2017","Democratic","Member of the City Council","14",1,"Absentee / Military",3
"77","034","Bronx","IN-PLAY","Primary Election - 09/12/2017","Democratic","Member of the City Council","14",1,"Affidavit",1
"77","034","Bronx","IN-PLAY","Primary Election - 09/12/2017","Democratic","Member of the City Council","14",1,"Randy  D. Abreu",21
"77","034","Bronx","IN-PLAY","Primary Election - 09/12/2017","Democratic","Member of the City Council","14",1,"Felix A. Perdomo",10
"77","034","Bronx","IN-PLAY","Primary Election - 09/12/2017","Democratic","Member of the City Council","14",1,"Fernando Cabrera",52
"77","035","Bronx","IN-PLAY","Primary Election - 09/12/2017","Democratic","Member of the City Council","14",1,"Public Counter",40
"77","035","Bronx","IN-PLAY","Primary Election - 09/12/2017","Democratic","Member of the City Council","14",1,"Manually Counted Emergency",0
"77","035","Bronx","IN-PLAY","Primary Election - 09/12/2017","Democratic","Member of the City Council","14",1,"Absentee / Military",3
"77","035","Bronx","IN-PLAY","Primary Election - 09/12/2017","Democratic","Member of the City Council","14",1,"Affidavit",0
"77","035","Bronx","IN-PLAY","Primary Election - 09/12/2017","Democratic","Member of the City Council","14",1,"Randy  D. Abreu",9
"77","035","Bronx","IN-PLAY","Primary Election - 09/12/2017","Democratic","Member of the City Council","14",1,"Felix A. Perdomo",5
"77","035","Bronx","IN-PLAY","Primary Election - 09/12/2017","Democratic","Member of the City Council","14",1,"Fernando Cabrera",25
"77","036","Bronx","IN-PLAY","Primary Election - 09/12/2017","Democratic","Member of the City Council","14",1,"Public Counter",75
"77","036","Bronx","IN-PLAY","Primary Election - 09/12/2017","Democratic","Member of the City Council","14",1,"Manually Counted Emergency",0
"77","036","Bronx","IN-PLAY","Primary Election - 09/12/2017","Democratic","Member of the City Council","14",1,"Absentee / Military",2
"77","036","Bronx","IN-PLAY","Primary Election - 09/12/2017","Democratic","Member of the City Council","14",1,"Affidavit",0
"77","036","Bronx","IN-PLAY","Primary Election - 09/12/2017","Democratic","Member of the City Council","14",1,"Randy  D. Abreu",23
"77","036","Bronx","IN-PLAY","Primary Election - 09/12/2017","Democratic","Member of the City Council","14",1,"Felix A. Perdomo",1
"77","036","Bronx","IN-PLAY","Primary Election - 09/12/2017","Democratic","Member of the City Council","14",1,"Fernando Cabrera",50
"77","036","Bronx","IN-PLAY","Primary Election - 09/12/2017","Democratic","Member of the City Council","14",1,"Scattered",1
"77","037","Bronx","IN-PLAY","Primary Election - 09/12/2017","Democratic","Member of the City Council","14",1,"Public Counter",55
"77","037","Bronx","IN-PLAY","Primary Election - 09/12/2017","Democratic","Member of the City Council","14",1,"Manually Counted Emergency",0
"77","037","Bronx","IN-PLAY","Primary Election - 09/12/2017","Democratic","Member of the City Council","14",1,"Absentee / Military",5
"77","037","Bronx","IN-PLAY","Primary Election - 09/12/2017","Democratic","Member of the City Council","14",1,"Affidavit",0
"77","037","Bronx","IN-PLAY","Primary Election - 09/12/2017","Democratic","Member of the City Council","14",1,"Randy  D. Abreu",17
"77","037","Bronx","IN-PLAY","Primary Election - 09/12/2017","Democratic","Member of the City Council","14",1,"Felix A. Perdomo",4
"77","037","Bronx","IN-PLAY","Primary Election - 09/12/2017","Democratic","Member of the City Council","14",1,"Fernando Cabrera",36
"77","037","Bronx","IN-PLAY","Primary Election - 09/12/2017","Democratic","Member of the City Council","14",1,"Scattered",2
"77","038","Bronx","IN-PLAY","Primary Election - 09/12/2017","Democratic","Member of the City Council","14",1,"Public Counter",46
"77","038","Bronx","IN-PLAY","Primary Election - 09/12/2017","Democratic","Member of the City Council","14",1,"Manually Counted Emergency",0
"77","038","Bronx","IN-PLAY","Primary Election - 09/12/2017","Democratic","Member of the City Council","14",1,"Absentee / Military",1
"77","038","Bronx","IN-PLAY","Primary Election - 09/12/2017","Democratic","Member of the City Council","14",1,"Affidavit",3
"77","038","Bronx","IN-PLAY","Primary Election - 09/12/2017","Democratic","Member of the City Council","14",1,"Randy  D. Abreu",9
"77","038","Bronx","IN-PLAY","Primary Election - 09/12/2017","Democratic","Member of the City Council","14",1,"Felix A. Perdomo",3
"77","038","Bronx","IN-PLAY","Primary Election - 09/12/2017","Democratic","Member of the City Council","14",1,"Fernando Cabrera",29
"77","041","Bronx","IN-PLAY","Primary Election - 09/12/2017","Democratic","Member of the City Council","14",1,"Public Counter",58
"77","041","Bronx","IN-PLAY","Primary Election - 09/12/2017","Democratic","Member of the City Council","14",1,"Manually Counted Emergency",0
"77","041","Bronx","IN-PLAY","Primary Election - 09/12/2017","Democratic","Member of the City Council","14",1,"Absentee / Military",2
"77","041","Bronx","IN-PLAY","Primary Election - 09/12/2017","Democratic","Member of the City Council","14",1,"Affidavit",0
"77","041","Bronx","IN-PLAY","Primary Election - 09/12/2017","Democratic","Member of the City Council","14",1,"Randy  D. Abreu",9
"77","041","Bronx","IN-PLAY","Primary Election - 09/12/2017","Democratic","Member of the City Council","14",1,"Felix A. Perdomo",4
"77","041","Bronx","IN-PLAY","Primary Election - 09/12/2017","Democratic","Member of the City Council","14",1,"Fernando Cabrera",43
"77","076","Bronx","IN-PLAY","Primary Election - 09/12/2017","Democratic","Member of the City Council","14",1,"Public Counter",71
"77","076","Bronx","IN-PLAY","Primary Election - 09/12/2017","Democratic","Member of the City Council","14",1,"Manually Counted Emergency",0
"77","076","Bronx","IN-PLAY","Primary Election - 09/12/2017","Democratic","Member of the City Council","14",1,"Absentee / Military",2
"77","076","Bronx","IN-PLAY","Primary Election - 09/12/2017","Democratic","Member of the City Council","14",1,"Affidavit",1
"77","076","Bronx","IN-PLAY","Primary Election - 09/12/2017","Democratic","Member of the City Council","14",1,"Randy  D. Abreu",24
"77","076","Bronx","IN-PLAY","Primary Election - 09/12/2017","Democratic","Member of the City Council","14",1,"Felix A. Perdomo",14
"77","076","Bronx","IN-PLAY","Primary Election - 09/12/2017","Democratic","Member of the City Council","14",1,"Fernando Cabrera",31
"77","080","Bronx","IN-PLAY","Primary Election - 09/12/2017","Democratic","Member of the City Council","14",1,"Public Counter",36
"77","080","Bronx","IN-PLAY","Primary Election - 09/12/2017","Democratic","Member of the City Council","14",1,"Manually Counted Emergency",0
"77","080","Bronx","IN-PLAY","Primary Election - 09/12/2017","Democratic","Member of the City Council","14",1,"Absentee / Military",2
"77","080","Bronx","IN-PLAY","Primary Election - 09/12/2017","Democratic","Member of the City Council","14",1,"Affidavit",0
"77","080","Bronx","IN-PLAY","Primary Election - 09/12/2017","Democratic","Member of the City Council","14",1,"Randy  D. Abreu",7
"77","080","Bronx","IN-PLAY","Primary Election - 09/12/2017","Democratic","Member of the City Council","14",1,"Felix A. Perdomo",6
"77","080","Bronx","IN-PLAY","Primary Election - 09/12/2017","Democratic","Member of the City Council","14",1,"Fernando Cabrera",21
"77","080","Bronx","IN-PLAY","Primary Election - 09/12/2017","Democratic","Member of the City Council","14",1,"Scattered",1
"78","018","Bronx","IN-PLAY","Primary Election - 09/12/2017","Democratic","Member of the City Council","14",1,"Public Counter",57
"78","018","Bronx","IN-PLAY","Primary Election - 09/12/2017","Democratic","Member of the City Council","14",1,"Manually Counted Emergency",0
"78","018","Bronx","IN-PLAY","Primary Election - 09/12/2017","Democratic","Member of the City Council","14",1,"Absentee / Military",1
"78","018","Bronx","IN-PLAY","Primary Election - 09/12/2017","Democratic","Member of the City Council","14",1,"Affidavit",0
"78","018","Bronx","IN-PLAY","Primary Election - 09/12/2017","Democratic","Member of the City Council","14",1,"Randy  D. Abreu",17
"78","018","Bronx","IN-PLAY","Primary Election - 09/12/2017","Democratic","Member of the City Council","14",1,"Felix A. Perdomo",4
"78","018","Bronx","IN-PLAY","Primary Election - 09/12/2017","Democratic","Member of the City Council","14",1,"Fernando Cabrera",33
"78","022","Bronx","IN-PLAY","Primary Election - 09/12/2017","Democratic","Member of the City Council","14",1,"Public Counter",65
"78","022","Bronx","IN-PLAY","Primary Election - 09/12/2017","Democratic","Member of the City Council","14",1,"Manually Counted Emergency",0
"78","022","Bronx","IN-PLAY","Primary Election - 09/12/2017","Democratic","Member of the City Council","14",1,"Absentee / Military",1
"78","022","Bronx","IN-PLAY","Primary Election - 09/12/2017","Democratic","Member of the City Council","14",1,"Affidavit",0
"78","022","Bronx","IN-PLAY","Primary Election - 09/12/2017","Democratic","Member of the City Council","14",1,"Randy  D. Abreu",35
"78","022","Bronx","IN-PLAY","Primary Election - 09/12/2017","Democratic","Member of the City Council","14",1,"Felix A. Perdomo",5
"78","022","Bronx","IN-PLAY","Primary Election - 09/12/2017","Democratic","Member of the City Council","14",1,"Fernando Cabrera",25
"78","023","Bronx","IN-PLAY","Primary Election - 09/12/2017","Democratic","Member of the City Council","14",1,"Public Counter",74
"78","023","Bronx","IN-PLAY","Primary Election - 09/12/2017","Democratic","Member of the City Council","14",1,"Manually Counted Emergency",0
"78","023","Bronx","IN-PLAY","Primary Election - 09/12/2017","Democratic","Member of the City Council","14",1,"Absentee / Military",5
"78","023","Bronx","IN-PLAY","Primary Election - 09/12/2017","Democratic","Member of the City Council","14",1,"Affidavit",0
"78","023","Bronx","IN-PLAY","Primary Election - 09/12/2017","Democratic","Member of the City Council","14",1,"Randy  D. Abreu",30
"78","023","Bronx","IN-PLAY","Primary Election - 09/12/2017","Democratic","Member of the City Council","14",1,"Felix A. Perdomo",5
"78","023","Bronx","IN-PLAY","Primary Election - 09/12/2017","Democratic","Member of the City Council","14",1,"Fernando Cabrera",41
"78","023","Bronx","IN-PLAY","Primary Election - 09/12/2017","Democratic","Member of the City Council","14",1,"Scattered",1
"78","024","Bronx","IN-PLAY","Primary Election - 09/12/2017","Democratic","Member of the City Council","14",1,"Public Counter",74
"78","024","Bronx","IN-PLAY","Primary Election - 09/12/2017","Democratic","Member of the City Council","14",1,"Manually Counted Emergency",0
"78","024","Bronx","IN-PLAY","Primary Election - 09/12/2017","Democratic","Member of the City Council","14",1,"Absentee / Military",2
"78","024","Bronx","IN-PLAY","Primary Election - 09/12/2017","Democratic","Member of the City Council","14",1,"Affidavit",0
"78","024","Bronx","IN-PLAY","Primary Election - 09/12/2017","Democratic","Member of the City Council","14",1,"Randy  D. Abreu",31
"78","024","Bronx","IN-PLAY","Primary Election - 09/12/2017","Democratic","Member of the City Council","14",1,"Felix A. Perdomo",9
"78","024","Bronx","IN-PLAY","Primary Election - 09/12/2017","Democratic","Member of the City Council","14",1,"Fernando Cabrera",29
"78","029","Bronx","IN-PLAY","Primary Election - 09/12/2017","Democratic","Member of the City Council","14",1,"Public Counter",75
"78","029","Bronx","IN-PLAY","Primary Election - 09/12/2017","Democratic","Member of the City Council","14",1,"Manually Counted Emergency",0
"78","029","Bronx","IN-PLAY","Primary Election - 09/12/2017","Democratic","Member of the City Council","14",1,"Absentee / Military",0
"78","029","Bronx","IN-PLAY","Primary Election - 09/12/2017","Democratic","Member of the City Council","14",1,"Affidavit",0
"78","029","Bronx","IN-PLAY","Primary Election - 09/12/2017","Democratic","Member of the City Council","14",1,"Randy  D. Abreu",17
"78","029","Bronx","IN-PLAY","Primary Election - 09/12/2017","Democratic","Member of the City Council","14",1,"Felix A. Perdomo",7
"78","029","Bronx","IN-PLAY","Primary Election - 09/12/2017","Democratic","Member of the City Council","14",1,"Fernando Cabrera",44
"78","029","Bronx","IN-PLAY","Primary Election - 09/12/2017","Democratic","Member of the City Council","14",1,"Scattered",1
"78","043","Bronx","IN-PLAY","Primary Election - 09/12/2017","Democratic","Member of the City Council","14",1,"Public Counter",30
"78","043","Bronx","IN-PLAY","Primary Election - 09/12/2017","Democratic","Member of the City Council","14",1,"Manually Counted Emergency",0
"78","043","Bronx","IN-PLAY","Primary Election - 09/12/2017","Democratic","Member of the City Council","14",1,"Absentee / Military",2
"78","043","Bronx","IN-PLAY","Primary Election - 09/12/2017","Democratic","Member of the City Council","14",1,"Affidavit",1
"78","043","Bronx","IN-PLAY","Primary Election - 09/12/2017","Democratic","Member of the City Council","14",1,"Randy  D. Abreu",10
"78","043","Bronx","IN-PLAY","Primary Election - 09/12/2017","Democratic","Member of the City Council","14",1,"Felix A. Perdomo",0
"78","043","Bronx","IN-PLAY","Primary Election - 09/12/2017","Democratic","Member of the City Council","14",1,"Fernando Cabrera",20
"78","044","Bronx","IN-PLAY","Primary Election - 09/12/2017","Democratic","Member of the City Council","14",1,"Public Counter",56
"78","044","Bronx","IN-PLAY","Primary Election - 09/12/2017","Democratic","Member of the City Council","14",1,"Manually Counted Emergency",0
"78","044","Bronx","IN-PLAY","Primary Election - 09/12/2017","Democratic","Member of the City Council","14",1,"Absentee / Military",4
"78","044","Bronx","IN-PLAY","Primary Election - 09/12/2017","Democratic","Member of the City Council","14",1,"Affidavit",0
"78","044","Bronx","IN-PLAY","Primary Election - 09/12/2017","Democratic","Member of the City Council","14",1,"Randy  D. Abreu",26
"78","044","Bronx","IN-PLAY","Primary Election - 09/12/2017","Democratic","Member of the City Council","14",1,"Felix A. Perdomo",2
"78","044","Bronx","IN-PLAY","Primary Election - 09/12/2017","Democratic","Member of the City Council","14",1,"Fernando Cabrera",30
"78","045","Bronx","IN-PLAY","Primary Election - 09/12/2017","Democratic","Member of the City Council","14",1,"Public Counter",75
"78","045","Bronx","IN-PLAY","Primary Election - 09/12/2017","Democratic","Member of the City Council","14",1,"Manually Counted Emergency",0
"78","045","Bronx","IN-PLAY","Primary Election - 09/12/2017","Democratic","Member of the City Council","14",1,"Absentee / Military",0
"78","045","Bronx","IN-PLAY","Primary Election - 09/12/2017","Democratic","Member of the City Council","14",1,"Affidavit",0
"78","045","Bronx","IN-PLAY","Primary Election - 09/12/2017","Democratic","Member of the City Council","14",1,"Randy  D. Abreu",26
"78","045","Bronx","IN-PLAY","Primary Election - 09/12/2017","Democratic","Member of the City Council","14",1,"Felix A. Perdomo",10
"78","045","Bronx","IN-PLAY","Primary Election - 09/12/2017","Democratic","Member of the City Council","14",1,"Fernando Cabrera",37
"78","046","Bronx","IN-PLAY","Primary Election - 09/12/2017","Democratic","Member of the City Council","14",1,"Public Counter",60
"78","046","Bronx","IN-PLAY","Primary Election - 09/12/2017","Democratic","Member of the City Council","14",1,"Manually Counted Emergency",0
"78","046","Bronx","IN-PLAY","Primary Election - 09/12/2017","Democratic","Member of the City Council","14",1,"Absentee / Military",1
"78","046","Bronx","IN-PLAY","Primary Election - 09/12/2017","Democratic","Member of the City Council","14",1,"Affidavit",0
"78","046","Bronx","IN-PLAY","Primary Election - 09/12/2017","Democratic","Member of the City Council","14",1,"Randy  D. Abreu",13
"78","046","Bronx","IN-PLAY","Primary Election - 09/12/2017","Democratic","Member of the City Council","14",1,"Felix A. Perdomo",4
"78","046","Bronx","IN-PLAY","Primary Election - 09/12/2017","Democratic","Member of the City Council","14",1,"Fernando Cabrera",41
"78","047","Bronx","IN-PLAY","Primary Election - 09/12/2017","Democratic","Member of the City Council","14",1,"Public Counter",82
"78","047","Bronx","IN-PLAY","Primary Election - 09/12/2017","Democratic","Member of the City Council","14",1,"Manually Counted Emergency",0
"78","047","Bronx","IN-PLAY","Primary Election - 09/12/2017","Democratic","Member of the City Council","14",1,"Absentee / Military",4
"78","047","Bronx","IN-PLAY","Primary Election - 09/12/2017","Democratic","Member of the City Council","14",1,"Affidavit",1
"78","047","Bronx","IN-PLAY","Primary Election - 09/12/2017","Democratic","Member of the City Council","14",1,"Randy  D. Abreu",30
"78","047","Bronx","IN-PLAY","Primary Election - 09/12/2017","Democratic","Member of the City Council","14",1,"Felix A. Perdomo",6
"78","047","Bronx","IN-PLAY","Primary Election - 09/12/2017","Democratic","Member of the City Council","14",1,"Fernando Cabrera",46
"78","048","Bronx","IN-PLAY","Primary Election - 09/12/2017","Democratic","Member of the City Council","14",1,"Public Counter",243
"78","048","Bronx","IN-PLAY","Primary Election - 09/12/2017","Democratic","Member of the City Council","14",1,"Manually Counted Emergency",0
"78","048","Bronx","IN-PLAY","Primary Election - 09/12/2017","Democratic","Member of the City Council","14",1,"Absentee / Military",4
"78","048","Bronx","IN-PLAY","Primary Election - 09/12/2017","Democratic","Member of the City Council","14",1,"Affidavit",1
"78","048","Bronx","IN-PLAY","Primary Election - 09/12/2017","Democratic","Member of the City Council","14",1,"Randy  D. Abreu",70
"78","048","Bronx","IN-PLAY","Primary Election - 09/12/2017","Democratic","Member of the City Council","14",1,"Felix A. Perdomo",8
"78","048","Bronx","IN-PLAY","Primary Election - 09/12/2017","Democratic","Member of the City Council","14",1,"Fernando Cabrera",160
"78","049","Bronx","IN-PLAY","Primary Election - 09/12/2017","Democratic","Member of the City Council","14",1,"Public Counter",156
"78","049","Bronx","IN-PLAY","Primary Election - 09/12/2017","Democratic","Member of the City Council","14",1,"Manually Counted Emergency",0
"78","049","Bronx","IN-PLAY","Primary Election - 09/12/2017","Democratic","Member of the City Council","14",1,"Absentee / Military",4
"78","049","Bronx","IN-PLAY","Primary Election - 09/12/2017","Democratic","Member of the City Council","14",1,"Affidavit",2
"78","049","Bronx","IN-PLAY","Primary Election - 09/12/2017","Democratic","Member of the City Council","14",1,"Randy  D. Abreu",52
"78","049","Bronx","IN-PLAY","Primary Election - 09/12/2017","Democratic","Member of the City Council","14",1,"Felix A. Perdomo",9
"78","049","Bronx","IN-PLAY","Primary Election - 09/12/2017","Democratic","Member of the City Council","14",1,"Fernando Cabrera",92
"78","049","Bronx","IN-PLAY","Primary Election - 09/12/2017","Democratic","Member of the City Council","14",1,"Scattered",2
"78","050","Bronx","IN-PLAY","Primary Election - 09/12/2017","Democratic","Member of the City Council","14",1,"Public Counter",119
"78","050","Bronx","IN-PLAY","Primary Election - 09/12/2017","Democratic","Member of the City Council","14",1,"Manually Counted Emergency",0
"78","050","Bronx","IN-PLAY","Primary Election - 09/12/2017","Democratic","Member of the City Council","14",1,"Absentee / Military",1
"78","050","Bronx","IN-PLAY","Primary Election - 09/12/2017","Democratic","Member of the City Council","14",1,"Affidavit",1
"78","050","Bronx","IN-PLAY","Primary Election - 09/12/2017","Democratic","Member of the City Council","14",1,"Randy  D. Abreu",56
"78","050","Bronx","IN-PLAY","Primary Election - 09/12/2017","Democratic","Member of the City Council","14",1,"Felix A. Perdomo",7
"78","050","Bronx","IN-PLAY","Primary Election - 09/12/2017","Democratic","Member of the City Council","14",1,"Fernando Cabrera",58
"78","051","Bronx","IN-PLAY","Primary Election - 09/12/2017","Democratic","Member of the City Council","14",1,"Public Counter",86
"78","051","Bronx","IN-PLAY","Primary Election - 09/12/2017","Democratic","Member of the City Council","14",1,"Manually Counted Emergency",0
"78","051","Bronx","IN-PLAY","Primary Election - 09/12/2017","Democratic","Member of the City Council","14",1,"Absentee / Military",0
"78","051","Bronx","IN-PLAY","Primary Election - 09/12/2017","Democratic","Member of the City Council","14",1,"Affidavit",1
"78","051","Bronx","IN-PLAY","Primary Election - 09/12/2017","Democratic","Member of the City Council","14",1,"Randy  D. Abreu",34
"78","051","Bronx","IN-PLAY","Primary Election - 09/12/2017","Democratic","Member of the City Council","14",1,"Felix A. Perdomo",8
"78","051","Bronx","IN-PLAY","Primary Election - 09/12/2017","Democratic","Member of the City Council","14",1,"Fernando Cabrera",41
"78","052","Bronx","IN-PLAY","Primary Election - 09/12/2017","Democratic","Member of the City Council","14",1,"Public Counter",71
"78","052","Bronx","IN-PLAY","Primary Election - 09/12/2017","Democratic","Member of the City Council","14",1,"Manually Counted Emergency",0
"78","052","Bronx","IN-PLAY","Primary Election - 09/12/2017","Democratic","Member of the City Council","14",1,"Absentee / Military",1
"78","052","Bronx","IN-PLAY","Primary Election - 09/12/2017","Democratic","Member of the City Council","14",1,"Affidavit",0
"78","052","Bronx","IN-PLAY","Primary Election - 09/12/2017","Democratic","Member of the City Council","14",1,"Randy  D. Abreu",33
"78","052","Bronx","IN-PLAY","Primary Election - 09/12/2017","Democratic","Member of the City Council","14",1,"Felix A. Perdomo",4
"78","052","Bronx","IN-PLAY","Primary Election - 09/12/2017","Democratic","Member of the City Council","14",1,"Fernando Cabrera",28
"78","052","Bronx","IN-PLAY","Primary Election - 09/12/2017","Democratic","Member of the City Council","14",1,"Scattered",1
"78","053","Bronx","IN-PLAY","Primary Election - 09/12/2017","Democratic","Member of the City Council","14",1,"Public Counter",76
"78","053","Bronx","IN-PLAY","Primary Election - 09/12/2017","Democratic","Member of the City Council","14",1,"Manually Counted Emergency",0
"78","053","Bronx","IN-PLAY","Primary Election - 09/12/2017","Democratic","Member of the City Council","14",1,"Absentee / Military",0
"78","053","Bronx","IN-PLAY","Primary Election - 09/12/2017","Democratic","Member of the City Council","14",1,"Affidavit",0
"78","053","Bronx","IN-PLAY","Primary Election - 09/12/2017","Democratic","Member of the City Council","14",1,"Randy  D. Abreu",30
"78","053","Bronx","IN-PLAY","Primary Election - 09/12/2017","Democratic","Member of the City Council","14",1,"Felix A. Perdomo",6
"78","053","Bronx","IN-PLAY","Primary Election - 09/12/2017","Democratic","Member of the City Council","14",1,"Fernando Cabrera",40
"78","054","Bronx","IN-PLAY","Primary Election - 09/12/2017","Democratic","Member of the City Council","14",1,"Public Counter",56
"78","054","Bronx","IN-PLAY","Primary Election - 09/12/2017","Democratic","Member of the City Council","14",1,"Manually Counted Emergency",0
"78","054","Bronx","IN-PLAY","Primary Election - 09/12/2017","Democratic","Member of the City Council","14",1,"Absentee / Military",1
"78","054","Bronx","IN-PLAY","Primary Election - 09/12/2017","Democratic","Member of the City Council","14",1,"Affidavit",1
"78","054","Bronx","IN-PLAY","Primary Election - 09/12/2017","Democratic","Member of the City Council","14",1,"Randy  D. Abreu",28
"78","054","Bronx","IN-PLAY","Primary Election - 09/12/2017","Democratic","Member of the City Council","14",1,"Felix A. Perdomo",3
"78","054","Bronx","IN-PLAY","Primary Election - 09/12/2017","Democratic","Member of the City Council","14",1,"Fernando Cabrera",23
"78","059","Bronx","IN-PLAY","Primary Election - 09/12/2017","Democratic","Member of the City Council","14",1,"Public Counter",80
"78","059","Bronx","IN-PLAY","Primary Election - 09/12/2017","Democratic","Member of the City Council","14",1,"Manually Counted Emergency",0
"78","059","Bronx","IN-PLAY","Primary Election - 09/12/2017","Democratic","Member of the City Council","14",1,"Absentee / Military",3
"78","059","Bronx","IN-PLAY","Primary Election - 09/12/2017","Democratic","Member of the City Council","14",1,"Affidavit",2
"78","059","Bronx","IN-PLAY","Primary Election - 09/12/2017","Democratic","Member of the City Council","14",1,"Randy  D. Abreu",32
"78","059","Bronx","IN-PLAY","Primary Election - 09/12/2017","Democratic","Member of the City Council","14",1,"Felix A. Perdomo",7
"78","059","Bronx","IN-PLAY","Primary Election - 09/12/2017","Democratic","Member of the City Council","14",1,"Fernando Cabrera",40
"78","060","Bronx","IN-PLAY","Primary Election - 09/12/2017","Democratic","Member of the City Council","14",1,"Public Counter",90
"78","060","Bronx","IN-PLAY","Primary Election - 09/12/2017","Democratic","Member of the City Council","14",1,"Manually Counted Emergency",0
"78","060","Bronx","IN-PLAY","Primary Election - 09/12/2017","Democratic","Member of the City Council","14",1,"Absentee / Military",2
"78","060","Bronx","IN-PLAY","Primary Election - 09/12/2017","Democratic","Member of the City Council","14",1,"Affidavit",0
"78","060","Bronx","IN-PLAY","Primary Election - 09/12/2017","Democratic","Member of the City Council","14",1,"Randy  D. Abreu",33
"78","060","Bronx","IN-PLAY","Primary Election - 09/12/2017","Democratic","Member of the City Council","14",1,"Felix A. Perdomo",7
"78","060","Bronx","IN-PLAY","Primary Election - 09/12/2017","Democratic","Member of the City Council","14",1,"Fernando Cabrera",44
"78","065","Bronx","IN-PLAY","Primary Election - 09/12/2017","Democratic","Member of the City Council","14",1,"Public Counter",33
"78","065","Bronx","IN-PLAY","Primary Election - 09/12/2017","Democratic","Member of the City Council","14",1,"Manually Counted Emergency",0
"78","065","Bronx","IN-PLAY","Primary Election - 09/12/2017","Democratic","Member of the City Council","14",1,"Absentee / Military",5
"78","065","Bronx","IN-PLAY","Primary Election - 09/12/2017","Democratic","Member of the City Council","14",1,"Affidavit",0
"78","065","Bronx","IN-PLAY","Primary Election - 09/12/2017","Democratic","Member of the City Council","14",1,"Randy  D. Abreu",12
"78","065","Bronx","IN-PLAY","Primary Election - 09/12/2017","Democratic","Member of the City Council","14",1,"Felix A. Perdomo",1
"78","065","Bronx","IN-PLAY","Primary Election - 09/12/2017","Democratic","Member of the City Council","14",1,"Fernando Cabrera",23
"78","066","Bronx","IN-PLAY","Primary Election - 09/12/2017","Democratic","Member of the City Council","14",1,"Public Counter",45
"78","066","Bronx","IN-PLAY","Primary Election - 09/12/2017","Democratic","Member of the City Council","14",1,"Manually Counted Emergency",0
"78","066","Bronx","IN-PLAY","Primary Election - 09/12/2017","Democratic","Member of the City Council","14",1,"Absentee / Military",1
"78","066","Bronx","IN-PLAY","Primary Election - 09/12/2017","Democratic","Member of the City Council","14",1,"Affidavit",0
"78","066","Bronx","IN-PLAY","Primary Election - 09/12/2017","Democratic","Member of the City Council","14",1,"Randy  D. Abreu",17
"78","066","Bronx","IN-PLAY","Primary Election - 09/12/2017","Democratic","Member of the City Council","14",1,"Felix A. Perdomo",4
"78","066","Bronx","IN-PLAY","Primary Election - 09/12/2017","Democratic","Member of the City Council","14",1,"Fernando Cabrera",20
"78","066","Bronx","IN-PLAY","Primary Election - 09/12/2017","Democratic","Member of the City Council","14",1,"Scattered",1
"78","068","Bronx","IN-PLAY","Primary Election - 09/12/2017","Democratic","Member of the City Council","14",1,"Public Counter",29
"78","068","Bronx","IN-PLAY","Primary Election - 09/12/2017","Democratic","Member of the City Council","14",1,"Manually Counted Emergency",0
"78","068","Bronx","IN-PLAY","Primary Election - 09/12/2017","Democratic","Member of the City Council","14",1,"Absentee / Military",20
"78","068","Bronx","IN-PLAY","Primary Election - 09/12/2017","Democratic","Member of the City Council","14",1,"Affidavit",0
"78","068","Bronx","IN-PLAY","Primary Election - 09/12/2017","Democratic","Member of the City Council","14",1,"Randy  D. Abreu",11
"78","068","Bronx","IN-PLAY","Primary Election - 09/12/2017","Democratic","Member of the City Council","14",1,"Felix A. Perdomo",4
"78","068","Bronx","IN-PLAY","Primary Election - 09/12/2017","Democratic","Member of the City Council","14",1,"Fernando Cabrera",33
"78","072","Bronx","IN-PLAY","Primary Election - 09/12/2017","Democratic","Member of the City Council","14",1,"Public Counter",42
"78","072","Bronx","IN-PLAY","Primary Election - 09/12/2017","Democratic","Member of the City Council","14",1,"Manually Counted Emergency",0
"78","072","Bronx","IN-PLAY","Primary Election - 09/12/2017","Democratic","Member of the City Council","14",1,"Absentee / Military",0
"78","072","Bronx","IN-PLAY","Primary Election - 09/12/2017","Democratic","Member of the City Council","14",1,"Affidavit",0
"78","072","Bronx","IN-PLAY","Primary Election - 09/12/2017","Democratic","Member of the City Council","14",1,"Randy  D. Abreu",14
"78","072","Bronx","IN-PLAY","Primary Election - 09/12/2017","Democratic","Member of the City Council","14",1,"Felix A. Perdomo",6
"78","072","Bronx","IN-PLAY","Primary Election - 09/12/2017","Democratic","Member of the City Council","14",1,"Fernando Cabrera",21
"81","001","Bronx","IN-PLAY","Primary Election - 09/12/2017","Democratic","Member of the City Council","14",1,"Public Counter",104
"81","001","Bronx","IN-PLAY","Primary Election - 09/12/2017","Democratic","Member of the City Council","14",1,"Manually Counted Emergency",0
"81","001","Bronx","IN-PLAY","Primary Election - 09/12/2017","Democratic","Member of the City Council","14",1,"Absentee / Military",50
"81","001","Bronx","IN-PLAY","Primary Election - 09/12/2017","Democratic","Member of the City Council","14",1,"Affidavit",2
"81","001","Bronx","IN-PLAY","Primary Election - 09/12/2017","Democratic","Member of the City Council","14",1,"Randy  D. Abreu",47
"81","001","Bronx","IN-PLAY","Primary Election - 09/12/2017","Democratic","Member of the City Council","14",1,"Felix A. Perdomo",15
"81","001","Bronx","IN-PLAY","Primary Election - 09/12/2017","Democratic","Member of the City Council","14",1,"Fernando Cabrera",81
"81","002","Bronx","IN-PLAY","Primary Election - 09/12/2017","Democratic","Member of the City Council","14",1,"Public Counter",92
"81","002","Bronx","IN-PLAY","Primary Election - 09/12/2017","Democratic","Member of the City Council","14",1,"Manually Counted Emergency",0
"81","002","Bronx","IN-PLAY","Primary Election - 09/12/2017","Democratic","Member of the City Council","14",1,"Absentee / Military",2
"81","002","Bronx","IN-PLAY","Primary Election - 09/12/2017","Democratic","Member of the City Council","14",1,"Affidavit",1
"81","002","Bronx","IN-PLAY","Primary Election - 09/12/2017","Democratic","Member of the City Council","14",1,"Randy  D. Abreu",48
"81","002","Bronx","IN-PLAY","Primary Election - 09/12/2017","Democratic","Member of the City Council","14",1,"Felix A. Perdomo",10
"81","002","Bronx","IN-PLAY","Primary Election - 09/12/2017","Democratic","Member of the City Council","14",1,"Fernando Cabrera",35
"81","003","Bronx","IN-PLAY","Primary Election - 09/12/2017","Democratic","Member of the City Council","14",1,"Public Counter",72
"81","003","Bronx","IN-PLAY","Primary Election - 09/12/2017","Democratic","Member of the City Council","14",1,"Manually Counted Emergency",0
"81","003","Bronx","IN-PLAY","Primary Election - 09/12/2017","Democratic","Member of the City Council","14",1,"Absentee / Military",1
"81","003","Bronx","IN-PLAY","Primary Election - 09/12/2017","Democratic","Member of the City Council","14",1,"Affidavit",0
"81","003","Bronx","IN-PLAY","Primary Election - 09/12/2017","Democratic","Member of the City Council","14",1,"Randy  D. Abreu",38
"81","003","Bronx","IN-PLAY","Primary Election - 09/12/2017","Democratic","Member of the City Council","14",1,"Felix A. Perdomo",9
"81","003","Bronx","IN-PLAY","Primary Election - 09/12/2017","Democratic","Member of the City Council","14",1,"Fernando Cabrera",24
"81","004","Bronx","IN-PLAY","Primary Election - 09/12/2017","Democratic","Member of the City Council","14",1,"Public Counter",96
"81","004","Bronx","IN-PLAY","Primary Election - 09/12/2017","Democratic","Member of the City Council","14",1,"Manually Counted Emergency",0
"81","004","Bronx","IN-PLAY","Primary Election - 09/12/2017","Democratic","Member of the City Council","14",1,"Absentee / Military",1
"81","004","Bronx","IN-PLAY","Primary Election - 09/12/2017","Democratic","Member of the City Council","14",1,"Affidavit",4
"81","004","Bronx","IN-PLAY","Primary Election - 09/12/2017","Democratic","Member of the City Council","14",1,"Randy  D. Abreu",41
"81","004","Bronx","IN-PLAY","Primary Election - 09/12/2017","Democratic","Member of the City Council","14",1,"Felix A. Perdomo",17
"81","004","Bronx","IN-PLAY","Primary Election - 09/12/2017","Democratic","Member of the City Council","14",1,"Fernando Cabrera",40
"81","005","Bronx","IN-PLAY","Primary Election - 09/12/2017","Democratic","Member of the City Council","14",1,"Public Counter",118
"81","005","Bronx","IN-PLAY","Primary Election - 09/12/2017","Democratic","Member of the City Council","14",1,"Manually Counted Emergency",0
"81","005","Bronx","IN-PLAY","Primary Election - 09/12/2017","Democratic","Member of the City Council","14",1,"Absentee / Military",4
"81","005","Bronx","IN-PLAY","Primary Election - 09/12/2017","Democratic","Member of the City Council","14",1,"Affidavit",0
"81","005","Bronx","IN-PLAY","Primary Election - 09/12/2017","Democratic","Member of the City Council","14",1,"Randy  D. Abreu",58
"81","005","Bronx","IN-PLAY","Primary Election - 09/12/2017","Democratic","Member of the City Council","14",1,"Felix A. Perdomo",13
"81","005","Bronx","IN-PLAY","Primary Election - 09/12/2017","Democratic","Member of the City Council","14",1,"Fernando Cabrera",44
"81","006","Bronx","IN-PLAY","Primary Election - 09/12/2017","Democratic","Member of the City Council","14",1,"Public Counter",114
"81","006","Bronx","IN-PLAY","Primary Election - 09/12/2017","Democratic","Member of the City Council","14",1,"Manually Counted Emergency",0
"81","006","Bronx","IN-PLAY","Primary Election - 09/12/2017","Democratic","Member of the City Council","14",1,"Absentee / Military",0
"81","006","Bronx","IN-PLAY","Primary Election - 09/12/2017","Democratic","Member of the City Council","14",1,"Affidavit",1
"81","006","Bronx","IN-PLAY","Primary Election - 09/12/2017","Democratic","Member of the City Council","14",1,"Randy  D. Abreu",34
"81","006","Bronx","IN-PLAY","Primary Election - 09/12/2017","Democratic","Member of the City Council","14",1,"Felix A. Perdomo",10
"81","006","Bronx","IN-PLAY","Primary Election - 09/12/2017","Democratic","Member of the City Council","14",1,"Fernando Cabrera",68
"81","007","Bronx","IN-PLAY","Primary Election - 09/12/2017","Democratic","Member of the City Council","14",1,"Public Counter",69
"81","007","Bronx","IN-PLAY","Primary Election - 09/12/2017","Democratic","Member of the City Council","14",1,"Manually Counted Emergency",0
"81","007","Bronx","IN-PLAY","Primary Election - 09/12/2017","Democratic","Member of the City Council","14",1,"Absentee / Military",4
"81","007","Bronx","IN-PLAY","Primary Election - 09/12/2017","Democratic","Member of the City Council","14",1,"Affidavit",0
"81","007","Bronx","IN-PLAY","Primary Election - 09/12/2017","Democratic","Member of the City Council","14",1,"Randy  D. Abreu",21
"81","007","Bronx","IN-PLAY","Primary Election - 09/12/2017","Democratic","Member of the City Council","14",1,"Felix A. Perdomo",17
"81","007","Bronx","IN-PLAY","Primary Election - 09/12/2017","Democratic","Member of the City Council","14",1,"Fernando Cabrera",31
"81","008","Bronx","IN-PLAY","Primary Election - 09/12/2017","Democratic","Member of the City Council","14",1,"Public Counter",49
"81","008","Bronx","IN-PLAY","Primary Election - 09/12/2017","Democratic","Member of the City Council","14",1,"Manually Counted Emergency",0
"81","008","Bronx","IN-PLAY","Primary Election - 09/12/2017","Democratic","Member of the City Council","14",1,"Absentee / Military",1
"81","008","Bronx","IN-PLAY","Primary Election - 09/12/2017","Democratic","Member of the City Council","14",1,"Affidavit",1
"81","008","Bronx","IN-PLAY","Primary Election - 09/12/2017","Democratic","Member of the City Council","14",1,"Randy  D. Abreu",22
"81","008","Bronx","IN-PLAY","Primary Election - 09/12/2017","Democratic","Member of the City Council","14",1,"Felix A. Perdomo",3
"81","008","Bronx","IN-PLAY","Primary Election - 09/12/2017","Democratic","Member of the City Council","14",1,"Fernando Cabrera",25
"81","009","Bronx","IN-PLAY","Primary Election - 09/12/2017","Democratic","Member of the City Council","14",1,"Public Counter",75
"81","009","Bronx","IN-PLAY","Primary Election - 09/12/2017","Democratic","Member of the City Council","14",1,"Manually Counted Emergency",0
"81","009","Bronx","IN-PLAY","Primary Election - 09/12/2017","Democratic","Member of the City Council","14",1,"Absentee / Military",1
"81","009","Bronx","IN-PLAY","Primary Election - 09/12/2017","Democratic","Member of the City Council","14",1,"Affidavit",1
"81","009","Bronx","IN-PLAY","Primary Election - 09/12/2017","Democratic","Member of the City Council","14",1,"Randy  D. Abreu",37
"81","009","Bronx","IN-PLAY","Primary Election - 09/12/2017","Democratic","Member of the City Council","14",1,"Felix A. Perdomo",1
"81","009","Bronx","IN-PLAY","Primary Election - 09/12/2017","Democratic","Member of the City Council","14",1,"Fernando Cabrera",31
"81","016","Bronx","IN-PLAY","Primary Election - 09/12/2017","Democratic","Member of the City Council","14",1,"Public Counter",0
"81","016","Bronx","IN-PLAY","Primary Election - 09/12/2017","Democratic","Member of the City Council","14",1,"Manually Counted Emergency",0
"81","016","Bronx","IN-PLAY","Primary Election - 09/12/2017","Democratic","Member of the City Council","14",1,"Absentee / Military",0
"81","016","Bronx","IN-PLAY","Primary Election - 09/12/2017","Democratic","Member of the City Council","14",1,"Affidavit",0
"81","016","Bronx","IN-PLAY","Primary Election - 09/12/2017","Democratic","Member of the City Council","14",1,"Randy  D. Abreu",0
"81","016","Bronx","IN-PLAY","Primary Election - 09/12/2017","Democratic","Member of the City Council","14",1,"Felix A. Perdomo",0
"81","016","Bronx","IN-PLAY","Primary Election - 09/12/2017","Democratic","Member of the City Council","14",1,"Fernando Cabrera",0
"81","038","Bronx","IN-PLAY","Primary Election - 09/12/2017","Democratic","Member of the City Council","14",1,"Public Counter",149
"81","038","Bronx","IN-PLAY","Primary Election - 09/12/2017","Democratic","Member of the City Council","14",1,"Manually Counted Emergency",0
"81","038","Bronx","IN-PLAY","Primary Election - 09/12/2017","Democratic","Member of the City Council","14",1,"Absentee / Military",4
"81","038","Bronx","IN-PLAY","Primary Election - 09/12/2017","Democratic","Member of the City Council","14",1,"Affidavit",1
"81","038","Bronx","IN-PLAY","Primary Election - 09/12/2017","Democratic","Member of the City Council","14",1,"Randy  D. Abreu",57
"81","038","Bronx","IN-PLAY","Primary Election - 09/12/2017","Democratic","Member of the City Council","14",1,"Felix A. Perdomo",10
"81","038","Bronx","IN-PLAY","Primary Election - 09/12/2017","Democratic","Member of the City Council","14",1,"Fernando Cabrera",71
"81","042","Bronx","IN-PLAY","Primary Election - 09/12/2017","Democratic","Member of the City Council","14",1,"Public Counter",30
"81","042","Bronx","IN-PLAY","Primary Election - 09/12/2017","Democratic","Member of the City Council","14",1,"Manually Counted Emergency",0
"81","042","Bronx","IN-PLAY","Primary Election - 09/12/2017","Democratic","Member of the City Council","14",1,"Absentee / Military",2
"81","042","Bronx","IN-PLAY","Primary Election - 09/12/2017","Democratic","Member of the City Council","14",1,"Affidavit",0
"81","042","Bronx","IN-PLAY","Primary Election - 09/12/2017","Democratic","Member of the City Council","14",1,"Randy  D. Abreu",17
"81","042","Bronx","IN-PLAY","Primary Election - 09/12/2017","Democratic","Member of the City Council","14",1,"Felix A. Perdomo",1
"81","042","Bronx","IN-PLAY","Primary Election - 09/12/2017","Democratic","Member of the City Council","14",1,"Fernando Cabrera",11
"86","001","Bronx","IN-PLAY","Primary Election - 09/12/2017","Democratic","Member of the City Council","14",1,"Public Counter",58
"86","001","Bronx","IN-PLAY","Primary Election - 09/12/2017","Democratic","Member of the City Council","14",1,"Manually Counted Emergency",0
"86","001","Bronx","IN-PLAY","Primary Election - 09/12/2017","Democratic","Member of the City Council","14",1,"Absentee / Military",1
"86","001","Bronx","IN-PLAY","Primary Election - 09/12/2017","Democratic","Member of the City Council","14",1,"Affidavit",0
"86","001","Bronx","IN-PLAY","Primary Election - 09/12/2017","Democratic","Member of the City Council","14",1,"Randy  D. Abreu",17
"86","001","Bronx","IN-PLAY","Primary Election - 09/12/2017","Democratic","Member of the City Council","14",1,"Felix A. Perdomo",5
"86","001","Bronx","IN-PLAY","Primary Election - 09/12/2017","Democratic","Member of the City Council","14",1,"Fernando Cabrera",30
"86","002","Bronx","IN-PLAY","Primary Election - 09/12/2017","Democratic","Member of the City Council","14",1,"Public Counter",88
"86","002","Bronx","IN-PLAY","Primary Election - 09/12/2017","Democratic","Member of the City Council","14",1,"Manually Counted Emergency",0
"86","002","Bronx","IN-PLAY","Primary Election - 09/12/2017","Democratic","Member of the City Council","14",1,"Absentee / Military",0
"86","002","Bronx","IN-PLAY","Primary Election - 09/12/2017","Democratic","Member of the City Council","14",1,"Affidavit",0
"86","002","Bronx","IN-PLAY","Primary Election - 09/12/2017","Democratic","Member of the City Council","14",1,"Randy  D. Abreu",26
"86","002","Bronx","IN-PLAY","Primary Election - 09/12/2017","Democratic","Member of the City Council","14",1,"Felix A. Perdomo",6
"86","002","Bronx","IN-PLAY","Primary Election - 09/12/2017","Democratic","Member of the City Council","14",1,"Fernando Cabrera",51
"86","003","Bronx","IN-PLAY","Primary Election - 09/12/2017","Democratic","Member of the City Council","14",1,"Public Counter",74
"86","003","Bronx","IN-PLAY","Primary Election - 09/12/2017","Democratic","Member of the City Council","14",1,"Manually Counted Emergency",0
"86","003","Bronx","IN-PLAY","Primary Election - 09/12/2017","Democratic","Member of the City Council","14",1,"Absentee / Military",3
"86","003","Bronx","IN-PLAY","Primary Election - 09/12/2017","Democratic","Member of the City Council","14",1,"Affidavit",0
"86","003","Bronx","IN-PLAY","Primary Election - 09/12/2017","Democratic","Member of the City Council","14",1,"Randy  D. Abreu",19
"86","003","Bronx","IN-PLAY","Primary Election - 09/12/2017","Democratic","Member of the City Council","14",1,"Felix A. Perdomo",9
"86","003","Bronx","IN-PLAY","Primary Election - 09/12/2017","Democratic","Member of the City Council","14",1,"Fernando Cabrera",49
"86","004","Bronx","IN-PLAY","Primary Election - 09/12/2017","Democratic","Member of the City Council","14",1,"Public Counter",53
"86","004","Bronx","IN-PLAY","Primary Election - 09/12/2017","Democratic","Member of the City Council","14",1,"Manually Counted Emergency",0
"86","004","Bronx","IN-PLAY","Primary Election - 09/12/2017","Democratic","Member of the City Council","14",1,"Absentee / Military",1
"86","004","Bronx","IN-PLAY","Primary Election - 09/12/2017","Democratic","Member of the City Council","14",1,"Affidavit",0
"86","004","Bronx","IN-PLAY","Primary Election - 09/12/2017","Democratic","Member of the City Council","14",1,"Randy  D. Abreu",9
"86","004","Bronx","IN-PLAY","Primary Election - 09/12/2017","Democratic","Member of the City Council","14",1,"Felix A. Perdomo",7
"86","004","Bronx","IN-PLAY","Primary Election - 09/12/2017","Democratic","Member of the City Council","14",1,"Fernando Cabrera",34
"86","005","Bronx","IN-PLAY","Primary Election - 09/12/2017","Democratic","Member of the City Council","14",1,"Public Counter",54
"86","005","Bronx","IN-PLAY","Primary Election - 09/12/2017","Democratic","Member of the City Council","14",1,"Manually Counted Emergency",0
"86","005","Bronx","IN-PLAY","Primary Election - 09/12/2017","Democratic","Member of the City Council","14",1,"Absentee / Military",1
"86","005","Bronx","IN-PLAY","Primary Election - 09/12/2017","Democratic","Member of the City Council","14",1,"Affidavit",1
"86","005","Bronx","IN-PLAY","Primary Election - 09/12/2017","Democratic","Member of the City Council","14",1,"Randy  D. Abreu",15
"86","005","Bronx","IN-PLAY","Primary Election - 09/12/2017","Democratic","Member of the City Council","14",1,"Felix A. Perdomo",6
"86","005","Bronx","IN-PLAY","Primary Election - 09/12/2017","Democratic","Member of the City Council","14",1,"Fernando Cabrera",31
"86","005","Bronx","IN-PLAY","Primary Election - 09/12/2017","Democratic","Member of the City Council","14",1,"Scattered",1
"86","006","Bronx","IN-PLAY","Primary Election - 09/12/2017","Democratic","Member of the City Council","14",1,"Public Counter",59
"86","006","Bronx","IN-PLAY","Primary Election - 09/12/2017","Democratic","Member of the City Council","14",1,"Manually Counted Emergency",0
"86","006","Bronx","IN-PLAY","Primary Election - 09/12/2017","Democratic","Member of the City Council","14",1,"Absentee / Military",3
"86","006","Bronx","IN-PLAY","Primary Election - 09/12/2017","Democratic","Member of the City Council","14",1,"Affidavit",0
"86","006","Bronx","IN-PLAY","Primary Election - 09/12/2017","Democratic","Member of the City Council","14",1,"Randy  D. Abreu",9
"86","006","Bronx","IN-PLAY","Primary Election - 09/12/2017","Democratic","Member of the City Council","14",1,"Felix A. Perdomo",3
"86","006","Bronx","IN-PLAY","Primary Election - 09/12/2017","Democratic","Member of the City Council","14",1,"Fernando Cabrera",43
"86","006","Bronx","IN-PLAY","Primary Election - 09/12/2017","Democratic","Member of the City Council","14",1,"Scattered",2
"86","007","Bronx","IN-PLAY","Primary Election - 09/12/2017","Democratic","Member of the City Council","14",1,"Public Counter",89
"86","007","Bronx","IN-PLAY","Primary Election - 09/12/2017","Democratic","Member of the City Council","14",1,"Manually Counted Emergency",0
"86","007","Bronx","IN-PLAY","Primary Election - 09/12/2017","Democratic","Member of the City Council","14",1,"Absentee / Military",0
"86","007","Bronx","IN-PLAY","Primary Election - 09/12/2017","Democratic","Member of the City Council","14",1,"Affidavit",0
"86","007","Bronx","IN-PLAY","Primary Election - 09/12/2017","Democratic","Member of the City Council","14",1,"Randy  D. Abreu",17
"86","007","Bronx","IN-PLAY","Primary Election - 09/12/2017","Democratic","Member of the City Council","14",1,"Felix A. Perdomo",12
"86","007","Bronx","IN-PLAY","Primary Election - 09/12/2017","Democratic","Member of the City Council","14",1,"Fernando Cabrera",52
"86","008","Bronx","IN-PLAY","Primary Election - 09/12/2017","Democratic","Member of the City Council","14",1,"Public Counter",74
"86","008","Bronx","IN-PLAY","Primary Election - 09/12/2017","Democratic","Member of the City Council","14",1,"Manually Counted Emergency",0
"86","008","Bronx","IN-PLAY","Primary Election - 09/12/2017","Democratic","Member of the City Council","14",1,"Absentee / Military",3
"86","008","Bronx","IN-PLAY","Primary Election - 09/12/2017","Democratic","Member of the City Council","14",1,"Affidavit",0
"86","008","Bronx","IN-PLAY","Primary Election - 09/12/2017","Democratic","Member of the City Council","14",1,"Randy  D. Abreu",27
"86","008","Bronx","IN-PLAY","Primary Election - 09/12/2017","Democratic","Member of the City Council","14",1,"Felix A. Perdomo",1
"86","008","Bronx","IN-PLAY","Primary Election - 09/12/2017","Democratic","Member of the City Council","14",1,"Fernando Cabrera",40
"86","009","Bronx","IN-PLAY","Primary Election - 09/12/2017","Democratic","Member of the City Council","14",1,"Public Counter",118
"86","009","Bronx","IN-PLAY","Primary Election - 09/12/2017","Democratic","Member of the City Council","14",1,"Manually Counted Emergency",0
"86","009","Bronx","IN-PLAY","Primary Election - 09/12/2017","Democratic","Member of the City Council","14",1,"Absentee / Military",6
"86","009","Bronx","IN-PLAY","Primary Election - 09/12/2017","Democratic","Member of the City Council","14",1,"Affidavit",0
"86","009","Bronx","IN-PLAY","Primary Election - 09/12/2017","Democratic","Member of the City Council","14",1,"Randy  D. Abreu",22
"86","009","Bronx","IN-PLAY","Primary Election - 09/12/2017","Democratic","Member of the City Council","14",1,"Felix A. Perdomo",37
"86","009","Bronx","IN-PLAY","Primary Election - 09/12/2017","Democratic","Member of the City Council","14",1,"Fernando Cabrera",61
"86","010","Bronx","IN-PLAY","Primary Election - 09/12/2017","Democratic","Member of the City Council","14",1,"Public Counter",58
"86","010","Bronx","IN-PLAY","Primary Election - 09/12/2017","Democratic","Member of the City Council","14",1,"Manually Counted Emergency",0
"86","010","Bronx","IN-PLAY","Primary Election - 09/12/2017","Democratic","Member of the City Council","14",1,"Absentee / Military",2
"86","010","Bronx","IN-PLAY","Primary Election - 09/12/2017","Democratic","Member of the City Council","14",1,"Affidavit",0
"86","010","Bronx","IN-PLAY","Primary Election - 09/12/2017","Democratic","Member of the City Council","14",1,"Randy  D. Abreu",13
"86","010","Bronx","IN-PLAY","Primary Election - 09/12/2017","Democratic","Member of the City Council","14",1,"Felix A. Perdomo",10
"86","010","Bronx","IN-PLAY","Primary Election - 09/12/2017","Democratic","Member of the City Council","14",1,"Fernando Cabrera",34
"86","011","Bronx","IN-PLAY","Primary Election - 09/12/2017","Democratic","Member of the City Council","14",1,"Public Counter",91
"86","011","Bronx","IN-PLAY","Primary Election - 09/12/2017","Democratic","Member of the City Council","14",1,"Manually Counted Emergency",0
"86","011","Bronx","IN-PLAY","Primary Election - 09/12/2017","Democratic","Member of the City Council","14",1,"Absentee / Military",4
"86","011","Bronx","IN-PLAY","Primary Election - 09/12/2017","Democratic","Member of the City Council","14",1,"Affidavit",2
"86","011","Bronx","IN-PLAY","Primary Election - 09/12/2017","Democratic","Member of the City Council","14",1,"Randy  D. Abreu",22
"86","011","Bronx","IN-PLAY","Primary Election - 09/12/2017","Democratic","Member of the City Council","14",1,"Felix A. Perdomo",9
"86","011","Bronx","IN-PLAY","Primary Election - 09/12/2017","Democratic","Member of the City Council","14",1,"Fernando Cabrera",60
"86","012","Bronx","IN-PLAY","Primary Election - 09/12/2017","Democratic","Member of the City Council","14",1,"Public Counter",112
"86","012","Bronx","IN-PLAY","Primary Election - 09/12/2017","Democratic","Member of the City Council","14",1,"Manually Counted Emergency",0
"86","012","Bronx","IN-PLAY","Primary Election - 09/12/2017","Democratic","Member of the City Council","14",1,"Absentee / Military",1
"86","012","Bronx","IN-PLAY","Primary Election - 09/12/2017","Democratic","Member of the City Council","14",1,"Affidavit",0
"86","012","Bronx","IN-PLAY","Primary Election - 09/12/2017","Democratic","Member of the City Council","14",1,"Randy  D. Abreu",38
"86","012","Bronx","IN-PLAY","Primary Election - 09/12/2017","Democratic","Member of the City Council","14",1,"Felix A. Perdomo",11
"86","012","Bronx","IN-PLAY","Primary Election - 09/12/2017","Democratic","Member of the City Council","14",1,"Fernando Cabrera",56
"86","013","Bronx","IN-PLAY","Primary Election - 09/12/2017","Democratic","Member of the City Council","14",1,"Public Counter",87
"86","013","Bronx","IN-PLAY","Primary Election - 09/12/2017","Democratic","Member of the City Council","14",1,"Manually Counted Emergency",0
"86","013","Bronx","IN-PLAY","Primary Election - 09/12/2017","Democratic","Member of the City Council","14",1,"Absentee / Military",3
"86","013","Bronx","IN-PLAY","Primary Election - 09/12/2017","Democratic","Member of the City Council","14",1,"Affidavit",1
"86","013","Bronx","IN-PLAY","Primary Election - 09/12/2017","Democratic","Member of the City Council","14",1,"Randy  D. Abreu",32
"86","013","Bronx","IN-PLAY","Primary Election - 09/12/2017","Democratic","Member of the City Council","14",1,"Felix A. Perdomo",8
"86","013","Bronx","IN-PLAY","Primary Election - 09/12/2017","Democratic","Member of the City Council","14",1,"Fernando Cabrera",43
"86","014","Bronx","IN-PLAY","Primary Election - 09/12/2017","Democratic","Member of the City Council","14",1,"Public Counter",83
"86","014","Bronx","IN-PLAY","Primary Election - 09/12/2017","Democratic","Member of the City Council","14",1,"Manually Counted Emergency",0
"86","014","Bronx","IN-PLAY","Primary Election - 09/12/2017","Democratic","Member of the City Council","14",1,"Absentee / Military",1
"86","014","Bronx","IN-PLAY","Primary Election - 09/12/2017","Democratic","Member of the City Council","14",1,"Affidavit",0
"86","014","Bronx","IN-PLAY","Primary Election - 09/12/2017","Democratic","Member of the City Council","14",1,"Randy  D. Abreu",14
"86","014","Bronx","IN-PLAY","Primary Election - 09/12/2017","Democratic","Member of the City Council","14",1,"Felix A. Perdomo",7
"86","014","Bronx","IN-PLAY","Primary Election - 09/12/2017","Democratic","Member of the City Council","14",1,"Fernando Cabrera",53
"86","014","Bronx","IN-PLAY","Primary Election - 09/12/2017","Democratic","Member of the City Council","14",1,"Scattered",1
"86","015","Bronx","IN-PLAY","Primary Election - 09/12/2017","Democratic","Member of the City Council","14",1,"Public Counter",93
"86","015","Bronx","IN-PLAY","Primary Election - 09/12/2017","Democratic","Member of the City Council","14",1,"Manually Counted Emergency",0
"86","015","Bronx","IN-PLAY","Primary Election - 09/12/2017","Democratic","Member of the City Council","14",1,"Absentee / Military",2
"86","015","Bronx","IN-PLAY","Primary Election - 09/12/2017","Democratic","Member of the City Council","14",1,"Affidavit",1
"86","015","Bronx","IN-PLAY","Primary Election - 09/12/2017","Democratic","Member of the City Council","14",1,"Randy  D. Abreu",30
"86","015","Bronx","IN-PLAY","Primary Election - 09/12/2017","Democratic","Member of the City Council","14",1,"Felix A. Perdomo",7
"86","015","Bronx","IN-PLAY","Primary Election - 09/12/2017","Democratic","Member of the City Council","14",1,"Fernando Cabrera",53
"86","016","Bronx","IN-PLAY","Primary Election - 09/12/2017","Democratic","Member of the City Council","14",1,"Public Counter",94
"86","016","Bronx","IN-PLAY","Primary Election - 09/12/2017","Democratic","Member of the City Council","14",1,"Manually Counted Emergency",0
"86","016","Bronx","IN-PLAY","Primary Election - 09/12/2017","Democratic","Member of the City Council","14",1,"Absentee / Military",0
"86","016","Bronx","IN-PLAY","Primary Election - 09/12/2017","Democratic","Member of the City Council","14",1,"Affidavit",0
"86","016","Bronx","IN-PLAY","Primary Election - 09/12/2017","Democratic","Member of the City Council","14",1,"Randy  D. Abreu",20
"86","016","Bronx","IN-PLAY","Primary Election - 09/12/2017","Democratic","Member of the City Council","14",1,"Felix A. Perdomo",14
"86","016","Bronx","IN-PLAY","Primary Election - 09/12/2017","Democratic","Member of the City Council","14",1,"Fernando Cabrera",56
"86","017","Bronx","IN-PLAY","Primary Election - 09/12/2017","Democratic","Member of the City Council","14",1,"Public Counter",108
"86","017","Bronx","IN-PLAY","Primary Election - 09/12/2017","Democratic","Member of the City Council","14",1,"Manually Counted Emergency",0
"86","017","Bronx","IN-PLAY","Primary Election - 09/12/2017","Democratic","Member of the City Council","14",1,"Absentee / Military",0
"86","017","Bronx","IN-PLAY","Primary Election - 09/12/2017","Democratic","Member of the City Council","14",1,"Affidavit",0
"86","017","Bronx","IN-PLAY","Primary Election - 09/12/2017","Democratic","Member of the City Council","14",1,"Randy  D. Abreu",38
"86","017","Bronx","IN-PLAY","Primary Election - 09/12/2017","Democratic","Member of the City Council","14",1,"Felix A. Perdomo",8
"86","017","Bronx","IN-PLAY","Primary Election - 09/12/2017","Democratic","Member of the City Council","14",1,"Fernando Cabrera",47
"86","018","Bronx","IN-PLAY","Primary Election - 09/12/2017","Democratic","Member of the City Council","14",1,"Public Counter",104
"86","018","Bronx","IN-PLAY","Primary Election - 09/12/2017","Democratic","Member of the City Council","14",1,"Manually Counted Emergency",0
"86","018","Bronx","IN-PLAY","Primary Election - 09/12/2017","Democratic","Member of the City Council","14",1,"Absentee / Military",1
"86","018","Bronx","IN-PLAY","Primary Election - 09/12/2017","Democratic","Member of the City Council","14",1,"Affidavit",1
"86","018","Bronx","IN-PLAY","Primary Election - 09/12/2017","Democratic","Member of the City Council","14",1,"Randy  D. Abreu",34
"86","018","Bronx","IN-PLAY","Primary Election - 09/12/2017","Democratic","Member of the City Council","14",1,"Felix A. Perdomo",6
"86","018","Bronx","IN-PLAY","Primary Election - 09/12/2017","Democratic","Member of the City Council","14",1,"Fernando Cabrera",64
"86","019","Bronx","IN-PLAY","Primary Election - 09/12/2017","Democratic","Member of the City Council","14",1,"Public Counter",90
"86","019","Bronx","IN-PLAY","Primary Election - 09/12/2017","Democratic","Member of the City Council","14",1,"Manually Counted Emergency",0
"86","019","Bronx","IN-PLAY","Primary Election - 09/12/2017","Democratic","Member of the City Council","14",1,"Absentee / Military",2
"86","019","Bronx","IN-PLAY","Primary Election - 09/12/2017","Democratic","Member of the City Council","14",1,"Affidavit",1
"86","019","Bronx","IN-PLAY","Primary Election - 09/12/2017","Democratic","Member of the City Council","14",1,"Randy  D. Abreu",48
"86","019","Bronx","IN-PLAY","Primary Election - 09/12/2017","Democratic","Member of the City Council","14",1,"Felix A. Perdomo",9
"86","019","Bronx","IN-PLAY","Primary Election - 09/12/2017","Democratic","Member of the City Council","14",1,"Fernando Cabrera",32
"86","020","Bronx","IN-PLAY","Primary Election - 09/12/2017","Democratic","Member of the City Council","14",1,"Public Counter",164
"86","020","Bronx","IN-PLAY","Primary Election - 09/12/2017","Democratic","Member of the City Council","14",1,"Manually Counted Emergency",0
"86","020","Bronx","IN-PLAY","Primary Election - 09/12/2017","Democratic","Member of the City Council","14",1,"Absentee / Military",2
"86","020","Bronx","IN-PLAY","Primary Election - 09/12/2017","Democratic","Member of the City Council","14",1,"Affidavit",1
"86","020","Bronx","IN-PLAY","Primary Election - 09/12/2017","Democratic","Member of the City Council","14",1,"Randy  D. Abreu",76
"86","020","Bronx","IN-PLAY","Primary Election - 09/12/2017","Democratic","Member of the City Council","14",1,"Felix A. Perdomo",17
"86","020","Bronx","IN-PLAY","Primary Election - 09/12/2017","Democratic","Member of the City Council","14",1,"Fernando Cabrera",60
"86","022","Bronx","IN-PLAY","Primary Election - 09/12/2017","Democratic","Member of the City Council","14",1,"Public Counter",73
"86","022","Bronx","IN-PLAY","Primary Election - 09/12/2017","Democratic","Member of the City Council","14",1,"Manually Counted Emergency",0
"86","022","Bronx","IN-PLAY","Primary Election - 09/12/2017","Democratic","Member of the City Council","14",1,"Absentee / Military",0
"86","022","Bronx","IN-PLAY","Primary Election - 09/12/2017","Democratic","Member of the City Council","14",1,"Affidavit",1
"86","022","Bronx","IN-PLAY","Primary Election - 09/12/2017","Democratic","Member of the City Council","14",1,"Randy  D. Abreu",20
"86","022","Bronx","IN-PLAY","Primary Election - 09/12/2017","Democratic","Member of the City Council","14",1,"Felix A. Perdomo",9
"86","022","Bronx","IN-PLAY","Primary Election - 09/12/2017","Democratic","Member of the City Council","14",1,"Fernando Cabrera",41
"86","023","Bronx","IN-PLAY","Primary Election - 09/12/2017","Democratic","Member of the City Council","14",1,"Public Counter",66
"86","023","Bronx","IN-PLAY","Primary Election - 09/12/2017","Democratic","Member of the City Council","14",1,"Manually Counted Emergency",0
"86","023","Bronx","IN-PLAY","Primary Election - 09/12/2017","Democratic","Member of the City Council","14",1,"Absentee / Military",1
"86","023","Bronx","IN-PLAY","Primary Election - 09/12/2017","Democratic","Member of the City Council","14",1,"Affidavit",0
"86","023","Bronx","IN-PLAY","Primary Election - 09/12/2017","Democratic","Member of the City Council","14",1,"Randy  D. Abreu",21
"86","023","Bronx","IN-PLAY","Primary Election - 09/12/2017","Democratic","Member of the City Council","14",1,"Felix A. Perdomo",4
"86","023","Bronx","IN-PLAY","Primary Election - 09/12/2017","Democratic","Member of the City Council","14",1,"Fernando Cabrera",37
"86","024","Bronx","IN-PLAY","Primary Election - 09/12/2017","Democratic","Member of the City Council","14",1,"Public Counter",35
"86","024","Bronx","IN-PLAY","Primary Election - 09/12/2017","Democratic","Member of the City Council","14",1,"Manually Counted Emergency",0
"86","024","Bronx","IN-PLAY","Primary Election - 09/12/2017","Democratic","Member of the City Council","14",1,"Absentee / Military",2
"86","024","Bronx","IN-PLAY","Primary Election - 09/12/2017","Democratic","Member of the City Council","14",1,"Affidavit",3
"86","024","Bronx","IN-PLAY","Primary Election - 09/12/2017","Democratic","Member of the City Council","14",1,"Randy  D. Abreu",14
"86","024","Bronx","IN-PLAY","Primary Election - 09/12/2017","Democratic","Member of the City Council","14",1,"Felix A. Perdomo",1
"86","024","Bronx","IN-PLAY","Primary Election - 09/12/2017","Democratic","Member of the City Council","14",1,"Fernando Cabrera",24
"86","025","Bronx","IN-PLAY","Primary Election - 09/12/2017","Democratic","Member of the City Council","14",1,"Public Counter",76
"86","025","Bronx","IN-PLAY","Primary Election - 09/12/2017","Democratic","Member of the City Council","14",1,"Manually Counted Emergency",0
"86","025","Bronx","IN-PLAY","Primary Election - 09/12/2017","Democratic","Member of the City Council","14",1,"Absentee / Military",2
"86","025","Bronx","IN-PLAY","Primary Election - 09/12/2017","Democratic","Member of the City Council","14",1,"Affidavit",1
"86","025","Bronx","IN-PLAY","Primary Election - 09/12/2017","Democratic","Member of the City Council","14",1,"Randy  D. Abreu",20
"86","025","Bronx","IN-PLAY","Primary Election - 09/12/2017","Democratic","Member of the City Council","14",1,"Felix A. Perdomo",8
"86","025","Bronx","IN-PLAY","Primary Election - 09/12/2017","Democratic","Member of the City Council","14",1,"Fernando Cabrera",41
"86","026","Bronx","IN-PLAY","Primary Election - 09/12/2017","Democratic","Member of the City Council","14",1,"Public Counter",90
"86","026","Bronx","IN-PLAY","Primary Election - 09/12/2017","Democratic","Member of the City Council","14",1,"Manually Counted Emergency",0
"86","026","Bronx","IN-PLAY","Primary Election - 09/12/2017","Democratic","Member of the City Council","14",1,"Absentee / Military",3
"86","026","Bronx","IN-PLAY","Primary Election - 09/12/2017","Democratic","Member of the City Council","14",1,"Affidavit",0
"86","026","Bronx","IN-PLAY","Primary Election - 09/12/2017","Democratic","Member of the City Council","14",1,"Randy  D. Abreu",21
"86","026","Bronx","IN-PLAY","Primary Election - 09/12/2017","Democratic","Member of the City Council","14",1,"Felix A. Perdomo",5
"86","026","Bronx","IN-PLAY","Primary Election - 09/12/2017","Democratic","Member of the City Council","14",1,"Fernando Cabrera",58
"86","027","Bronx","IN-PLAY","Primary Election - 09/12/2017","Democratic","Member of the City Council","14",1,"Public Counter",73
"86","027","Bronx","IN-PLAY","Primary Election - 09/12/2017","Democratic","Member of the City Council","14",1,"Manually Counted Emergency",0
"86","027","Bronx","IN-PLAY","Primary Election - 09/12/2017","Democratic","Member of the City Council","14",1,"Absentee / Military",1
"86","027","Bronx","IN-PLAY","Primary Election - 09/12/2017","Democratic","Member of the City Council","14",1,"Affidavit",1
"86","027","Bronx","IN-PLAY","Primary Election - 09/12/2017","Democratic","Member of the City Council","14",1,"Randy  D. Abreu",16
"86","027","Bronx","IN-PLAY","Primary Election - 09/12/2017","Democratic","Member of the City Council","14",1,"Felix A. Perdomo",6
"86","027","Bronx","IN-PLAY","Primary Election - 09/12/2017","Democratic","Member of the City Council","14",1,"Fernando Cabrera",45
"86","027","Bronx","IN-PLAY","Primary Election - 09/12/2017","Democratic","Member of the City Council","14",1,"Scattered",1
"86","029","Bronx","IN-PLAY","Primary Election - 09/12/2017","Democratic","Member of the City Council","14",1,"Public Counter",87
"86","029","Bronx","IN-PLAY","Primary Election - 09/12/2017","Democratic","Member of the City Council","14",1,"Manually Counted Emergency",0
"86","029","Bronx","IN-PLAY","Primary Election - 09/12/2017","Democratic","Member of the City Council","14",1,"Absentee / Military",0
"86","029","Bronx","IN-PLAY","Primary Election - 09/12/2017","Democratic","Member of the City Council","14",1,"Affidavit",0
"86","029","Bronx","IN-PLAY","Primary Election - 09/12/2017","Democratic","Member of the City Council","14",1,"Randy  D. Abreu",14
"86","029","Bronx","IN-PLAY","Primary Election - 09/12/2017","Democratic","Member of the City Council","14",1,"Felix A. Perdomo",8
"86","029","Bronx","IN-PLAY","Primary Election - 09/12/2017","Democratic","Member of the City Council","14",1,"Fernando Cabrera",54
"86","031","Bronx","IN-PLAY","Primary Election - 09/12/2017","Democratic","Member of the City Council","14",1,"Public Counter",62
"86","031","Bronx","IN-PLAY","Primary Election - 09/12/2017","Democratic","Member of the City Council","14",1,"Manually Counted Emergency",0
"86","031","Bronx","IN-PLAY","Primary Election - 09/12/2017","Democratic","Member of the City Council","14",1,"Absentee / Military",0
"86","031","Bronx","IN-PLAY","Primary Election - 09/12/2017","Democratic","Member of the City Council","14",1,"Affidavit",1
"86","031","Bronx","IN-PLAY","Primary Election - 09/12/2017","Democratic","Member of the City Council","14",1,"Randy  D. Abreu",9
"86","031","Bronx","IN-PLAY","Primary Election - 09/12/2017","Democratic","Member of the City Council","14",1,"Felix A. Perdomo",7
"86","031","Bronx","IN-PLAY","Primary Election - 09/12/2017","Democratic","Member of the City Council","14",1,"Fernando Cabrera",42
"86","033","Bronx","IN-PLAY","Primary Election - 09/12/2017","Democratic","Member of the City Council","14",1,"Public Counter",135
"86","033","Bronx","IN-PLAY","Primary Election - 09/12/2017","Democratic","Member of the City Council","14",1,"Manually Counted Emergency",0
"86","033","Bronx","IN-PLAY","Primary Election - 09/12/2017","Democratic","Member of the City Council","14",1,"Absentee / Military",2
"86","033","Bronx","IN-PLAY","Primary Election - 09/12/2017","Democratic","Member of the City Council","14",1,"Affidavit",1
"86","033","Bronx","IN-PLAY","Primary Election - 09/12/2017","Democratic","Member of the City Council","14",1,"Randy  D. Abreu",42
"86","033","Bronx","IN-PLAY","Primary Election - 09/12/2017","Democratic","Member of the City Council","14",1,"Felix A. Perdomo",15
"86","033","Bronx","IN-PLAY","Primary Election - 09/12/2017","Democratic","Member of the City Council","14",1,"Fernando Cabrera",73
"86","034","Bronx","IN-PLAY","Primary Election - 09/12/2017","Democratic","Member of the City Council","14",1,"Public Counter",90
"86","034","Bronx","IN-PLAY","Primary Election - 09/12/2017","Democratic","Member of the City Council","14",1,"Manually Counted Emergency",0
"86","034","Bronx","IN-PLAY","Primary Election - 09/12/2017","Democratic","Member of the City Council","14",1,"Absentee / Military",7
"86","034","Bronx","IN-PLAY","Primary Election - 09/12/2017","Democratic","Member of the City Council","14",1,"Affidavit",0
"86","034","Bronx","IN-PLAY","Primary Election - 09/12/2017","Democratic","Member of the City Council","14",1,"Randy  D. Abreu",49
"86","034","Bronx","IN-PLAY","Primary Election - 09/12/2017","Democratic","Member of the City Council","14",1,"Felix A. Perdomo",3
"86","034","Bronx","IN-PLAY","Primary Election - 09/12/2017","Democratic","Member of the City Council","14",1,"Fernando Cabrera",40
"86","058","Bronx","IN-PLAY","Primary Election - 09/12/2017","Democratic","Member of the City Council","14",1,"Public Counter",73
"86","058","Bronx","IN-PLAY","Primary Election - 09/12/2017","Democratic","Member of the City Council","14",1,"Manually Counted Emergency",0
"86","058","Bronx","IN-PLAY","Primary Election - 09/12/2017","Democratic","Member of the City Council","14",1,"Absentee / Military",2
"86","058","Bronx","IN-PLAY","Primary Election - 09/12/2017","Democratic","Member of the City Council","14",1,"Affidavit",0
"86","058","Bronx","IN-PLAY","Primary Election - 09/12/2017","Democratic","Member of the City Council","14",1,"Randy  D. Abreu",26
"86","058","Bronx","IN-PLAY","Primary Election - 09/12/2017","Democratic","Member of the City Council","14",1,"Felix A. Perdomo",8
"86","058","Bronx","IN-PLAY","Primary Election - 09/12/2017","Democratic","Member of the City Council","14",1,"Fernando Cabrera",32
"86","060","Bronx","IN-PLAY","Primary Election - 09/12/2017","Democratic","Member of the City Council","14",1,"Public Counter",5
"86","060","Bronx","IN-PLAY","Primary Election - 09/12/2017","Democratic","Member of the City Council","14",1,"Manually Counted Emergency",0
"86","060","Bronx","IN-PLAY","Primary Election - 09/12/2017","Democratic","Member of the City Council","14",1,"Absentee / Military",1
"86","060","Bronx","IN-PLAY","Primary Election - 09/12/2017","Democratic","Member of the City Council","14",1,"Affidavit",0
"86","060","Bronx","IN-PLAY","Primary Election - 09/12/2017","Democratic","Member of the City Council","14",1,"Randy  D. Abreu",2
"86","060","Bronx","IN-PLAY","Primary Election - 09/12/2017","Democratic","Member of the City Council","14",1,"Felix A. Perdomo",1
"86","060","Bronx","IN-PLAY","Primary Election - 09/12/2017","Democratic","Member of the City Council","14",1,"Fernando Cabrera",2
"86","061","Bronx","IN-PLAY","Primary Election - 09/12/2017","Democratic","Member of the City Council","14",1,"Public Counter",77
"86","061","Bronx","IN-PLAY","Primary Election - 09/12/2017","Democratic","Member of the City Council","14",1,"Manually Counted Emergency",0
"86","061","Bronx","IN-PLAY","Primary Election - 09/12/2017","Democratic","Member of the City Council","14",1,"Absentee / Military",2
"86","061","Bronx","IN-PLAY","Primary Election - 09/12/2017","Democratic","Member of the City Council","14",1,"Affidavit",0
"86","061","Bronx","IN-PLAY","Primary Election - 09/12/2017","Democratic","Member of the City Council","14",1,"Randy  D. Abreu",56
"86","061","Bronx","IN-PLAY","Primary Election - 09/12/2017","Democratic","Member of the City Council","14",1,"Felix A. Perdomo",3
"86","061","Bronx","IN-PLAY","Primary Election - 09/12/2017","Democratic","Member of the City Council","14",1,"Fernando Cabrera",19
"86","062","Bronx","IN-PLAY","Primary Election - 09/12/2017","Democratic","Member of the City Council","14",1,"Public Counter",73
"86","062","Bronx","IN-PLAY","Primary Election - 09/12/2017","Democratic","Member of the City Council","14",1,"Manually Counted Emergency",0
"86","062","Bronx","IN-PLAY","Primary Election - 09/12/2017","Democratic","Member of the City Council","14",1,"Absentee / Military",2
"86","062","Bronx","IN-PLAY","Primary Election - 09/12/2017","Democratic","Member of the City Council","14",1,"Affidavit",0
"86","062","Bronx","IN-PLAY","Primary Election - 09/12/2017","Democratic","Member of the City Council","14",1,"Randy  D. Abreu",17
"86","062","Bronx","IN-PLAY","Primary Election - 09/12/2017","Democratic","Member of the City Council","14",1,"Felix A. Perdomo",3
"86","062","Bronx","IN-PLAY","Primary Election - 09/12/2017","Democratic","Member of the City Council","14",1,"Fernando Cabrera",50
"86","063","Bronx","IN-PLAY","Primary Election - 09/12/2017","Democratic","Member of the City Council","14",1,"Public Counter",104
"86","063","Bronx","IN-PLAY","Primary Election - 09/12/2017","Democratic","Member of the City Council","14",1,"Manually Counted Emergency",0
"86","063","Bronx","IN-PLAY","Primary Election - 09/12/2017","Democratic","Member of the City Council","14",1,"Absentee / Military",4
"86","063","Bronx","IN-PLAY","Primary Election - 09/12/2017","Democratic","Member of the City Council","14",1,"Affidavit",4
"86","063","Bronx","IN-PLAY","Primary Election - 09/12/2017","Democratic","Member of the City Council","14",1,"Randy  D. Abreu",26
"86","063","Bronx","IN-PLAY","Primary Election - 09/12/2017","Democratic","Member of the City Council","14",1,"Felix A. Perdomo",8
"86","063","Bronx","IN-PLAY","Primary Election - 09/12/2017","Democratic","Member of the City Council","14",1,"Fernando Cabrera",65
"86","065","Bronx","IN-PLAY","Primary Election - 09/12/2017","Democratic","Member of the City Council","14",1,"Public Counter",47
"86","065","Bronx","IN-PLAY","Primary Election - 09/12/2017","Democratic","Member of the City Council","14",1,"Manually Counted Emergency",0
"86","065","Bronx","IN-PLAY","Primary Election - 09/12/2017","Democratic","Member of the City Council","14",1,"Absentee / Military",0
"86","065","Bronx","IN-PLAY","Primary Election - 09/12/2017","Democratic","Member of the City Council","14",1,"Affidavit",0
"86","065","Bronx","IN-PLAY","Primary Election - 09/12/2017","Democratic","Member of the City Council","14",1,"Randy  D. Abreu",10
"86","065","Bronx","IN-PLAY","Primary Election - 09/12/2017","Democratic","Member of the City Council","14",1,"Felix A. Perdomo",8
"86","065","Bronx","IN-PLAY","Primary Election - 09/12/2017","Democratic","Member of the City Council","14",1,"Fernando Cabrera",26
"86","066","Bronx","IN-PLAY","Primary Election - 09/12/2017","Democratic","Member of the City Council","14",1,"Public Counter",82
"86","066","Bronx","IN-PLAY","Primary Election - 09/12/2017","Democratic","Member of the City Council","14",1,"Manually Counted Emergency",0
"86","066","Bronx","IN-PLAY","Primary Election - 09/12/2017","Democratic","Member of the City Council","14",1,"Absentee / Military",2
"86","066","Bronx","IN-PLAY","Primary Election - 09/12/2017","Democratic","Member of the City Council","14",1,"Affidavit",0
"86","066","Bronx","IN-PLAY","Primary Election - 09/12/2017","Democratic","Member of the City Council","14",1,"Randy  D. Abreu",16
"86","066","Bronx","IN-PLAY","Primary Election - 09/12/2017","Democratic","Member of the City Council","14",1,"Felix A. Perdomo",9
"86","066","Bronx","IN-PLAY","Primary Election - 09/12/2017","Democratic","Member of the City Council","14",1,"Fernando Cabrera",50
"86","067","Bronx","IN-PLAY","Primary Election - 09/12/2017","Democratic","Member of the City Council","14",1,"Public Counter",64
"86","067","Bronx","IN-PLAY","Primary Election - 09/12/2017","Democratic","Member of the City Council","14",1,"Manually Counted Emergency",0
"86","067","Bronx","IN-PLAY","Primary Election - 09/12/2017","Democratic","Member of the City Council","14",1,"Absentee / Military",0
"86","067","Bronx","IN-PLAY","Primary Election - 09/12/2017","Democratic","Member of the City Council","14",1,"Affidavit",0
"86","067","Bronx","IN-PLAY","Primary Election - 09/12/2017","Democratic","Member of the City Council","14",1,"Randy  D. Abreu",20
"86","067","Bronx","IN-PLAY","Primary Election - 09/12/2017","Democratic","Member of the City Council","14",1,"Felix A. Perdomo",4
"86","067","Bronx","IN-PLAY","Primary Election - 09/12/2017","Democratic","Member of the City Council","14",1,"Fernando Cabrera",29
"86","068","Bronx","IN-PLAY","Primary Election - 09/12/2017","Democratic","Member of the City Council","14",1,"Public Counter",43
"86","068","Bronx","IN-PLAY","Primary Election - 09/12/2017","Democratic","Member of the City Council","14",1,"Manually Counted Emergency",0
"86","068","Bronx","IN-PLAY","Primary Election - 09/12/2017","Democratic","Member of the City Council","14",1,"Absentee / Military",0
"86","068","Bronx","IN-PLAY","Primary Election - 09/12/2017","Democratic","Member of the City Council","14",1,"Affidavit",0
"86","068","Bronx","IN-PLAY","Primary Election - 09/12/2017","Democratic","Member of the City Council","14",1,"Randy  D. Abreu",13
"86","068","Bronx","IN-PLAY","Primary Election - 09/12/2017","Democratic","Member of the City Council","14",1,"Felix A. Perdomo",4
"86","068","Bronx","IN-PLAY","Primary Election - 09/12/2017","Democratic","Member of the City Council","14",1,"Fernando Cabrera",18
"86","069","Bronx","IN-PLAY","Primary Election - 09/12/2017","Democratic","Member of the City Council","14",1,"Public Counter",77
"86","069","Bronx","IN-PLAY","Primary Election - 09/12/2017","Democratic","Member of the City Council","14",1,"Manually Counted Emergency",0
"86","069","Bronx","IN-PLAY","Primary Election - 09/12/2017","Democratic","Member of the City Council","14",1,"Absentee / Military",0
"86","069","Bronx","IN-PLAY","Primary Election - 09/12/2017","Democratic","Member of the City Council","14",1,"Affidavit",1
"86","069","Bronx","IN-PLAY","Primary Election - 09/12/2017","Democratic","Member of the City Council","14",1,"Randy  D. Abreu",26
"86","069","Bronx","IN-PLAY","Primary Election - 09/12/2017","Democratic","Member of the City Council","14",1,"Felix A. Perdomo",4
"86","069","Bronx","IN-PLAY","Primary Election - 09/12/2017","Democratic","Member of the City Council","14",1,"Fernando Cabrera",39
